solver_mode,num_hidden_layers,hidden_dim,activation_function,surface_loss_weight,eikonal_weight,num_steps,objective_value,solver_time,mse,iou,hausdorff,chamfer,surface_loss
l4casadi,2,128,ReLU,0.2,0,50,1.6325466960211819,29.156121969223022,0.00010993081225075162,0.9847324765290311,0.0067149188513508165,0.0002998214385782766,3.394824670976959e-05
casadi,None,None,None,None,None,50,1.6297417816435187,0.6275820732116699,7.677341131937002e-33,1.0,0.0,0.0,3.3460818117357064e-05
casadi,None,None,None,None,None,50,1.6297417816435187,0.6577861309051514,7.677341131937002e-33,1.0,0.0,0.0,3.3460818117357064e-05
l4casadi,2,128,ReLU,0.2,0.1,50,1.6356540578404954,19.763479232788086,7.968628765486302e-05,0.9704268700655694,0.00949632930981488,0.0007109481725489602,4.765905759995803e-05
