solver_mode,num_hidden_layers,hidden_dim,activation_function,surface_loss_weight,eikonal_weight,num_steps,objective_value,solver_time,mse,iou,hausdorff,chamfer,surface_loss
l4casadi,2,128,ReLU,0.0,0.0,80,5.024610,22.991937,0.001041,0.662145,0.358567,0.032210,0.000681
casadi,None,None,None,None,None,80,6.406346,3.246714,0.000950,0.775977,0.111476,0.012492,0.000260
l4casadi,2,128,ReLU,1,0.1,80,6.359813,9.642938,0.004979,0.393282,0.198039,0.048911,0.003207
l4casadi,2,128,ReLU,1,0.01,80,5.211569,10.480296,0.000410,0.726060,0.095579,0.012358,0.000421
l4casadi,2,128,ReLU,1,0,80,4.795861,10.417736,0.000287,0.830564,0.055859,0.005836,0.000139
